{
  "val": {
    "closed_attr_match": 0.21113243699073792,
    "closed_obj_match": 0.5175623893737793,
    "closed_match": 0.11420345306396484,
    "closed_seen_match": 0.0,
    "closed_unseen_match": 0.1387593299150467,
    "closed_ca": 2.0,
    "closed_seen_ca": 1.0,
    "closed_unseen_ca": 1.0,
    "closed_ub_attr_match": 0.2471209168434143,
    "closed_ub_obj_match": 0.5253359079360962,
    "closed_ub_match": 0.1384836882352829,
    "closed_ub_seen_match": 0.23861171305179596,
    "closed_ub_unseen_match": 0.11695428937673569,
    "closed_ub_ca": 2.0,
    "closed_ub_seen_ca": 1.0,
    "closed_ub_unseen_ca": 1.0,
    "biasterm": -9.999999747378752e-5,
    "best_unseen": 0.1387593299150467,
    "best_seen": 0.4777657389640808,
    "AUC": 0.05104933279882254,
    "hm_unseen": 0.11660447716712952,
    "hm_seen": 0.23969630897045135,
    "best_hm": 0.15688802199609977,
    "attr_acc_simple_voting_acc_123": 0.2798464491362764,
    "attr_acc_simple_voting_acc_12": 0.29990403071017274,
    "attr_acc_simple_voting_acc_13": 0.2798464491362764,
    "attr_acc_simple_voting_acc_23": 0.2798464491362764,
    "attr_acc_weighted_voting_acc_123": 0.2798464491362764,
    "attr_acc_weighted_voting_acc_12": 0.29990403071017274,
    "attr_acc_weighted_voting_acc_13": 0.06669865642994242,
    "attr_acc_weighted_voting_acc_23": 0.2798464491362764,
    "attr_acc_uce_ep1": 0.20121029019355774,
    "attr_acc_uce_ep2": 0.3585710823535919,
    "attr_acc_uce_ep3": 0.4030206501483917,
    "FDR_expert1": 0.09109086871614339,
    "FDR_expert2": 0.6645149482847007,
    "FDR_expert3": 0.6900734255828067,
    "FOR_expert1": 0.010850266092688672,
    "FOR_expert2": 0.010641071551731685,
    "FOR_expert3": 0.011193871151370717,
    "attr_acc_POE_acc_123": 0.2758157389635317,
    "attr_acc_POE_acc_12": 0.2418426103646833,
    "attr_acc_POE_acc_13": 0.240978886756238,
    "attr_acc_POE_acc_23": 0.28637236084452977,
    "attr_acc_SOE_acc_123": 0.2928982725527831,
    "attr_acc_SOE_acc_12": 0.2663147792706334,
    "attr_acc_SOE_acc_13": 0.2791746641074856,
    "attr_acc_SOE_acc_23": 0.29203454894433784,
    "attr_acc_table_acc_ep12_LE": 0.3002879078694818,
    "attr_acc_table_acc_ep23_LE": 0.3081573896353167,
    "attr_acc_table_acc_ep13_LE": 0.27936660268714014,
    "attr_acc_tabel_acc_ep123_LE": 0.3081573896353167,
    "attr_acc_table_acc_ep12": 0,
    "attr_acc_table_acc_ep23": 0,
    "attr_acc_table_acc_ep13": 0,
    "attr_acc_tabel_acc_ep123": 0,
    "MOM_acc": 0.30854126679462573,
    "attr_acc_ep1_cor": 0.263147792706334,
    "attr_acc_ep2_cor": 0.29990403071017274,
    "attr_acc_ep3_cor": 0.2798464491362764,
    "attr_acc": 0.2471209168434143,
    "obj_acc": 0.5253359079360962
  },
  "test": {
    "closed_attr_match": 0.22385533154010773,
    "closed_obj_match": 0.5164294242858887,
    "closed_match": 0.13089649379253387,
    "closed_seen_match": 0.0,
    "closed_unseen_match": 0.16024494171142578,
    "closed_ca": 2.0,
    "closed_seen_ca": 1.0,
    "closed_unseen_ca": 1.0,
    "closed_ub_attr_match": 0.2600230872631073,
    "closed_ub_obj_match": 0.522354781627655,
    "closed_ub_match": 0.15282800793647766,
    "closed_ub_seen_match": 0.23235294222831726,
    "closed_ub_unseen_match": 0.1349976509809494,
    "closed_ub_ca": 2.0,
    "closed_ub_seen_ca": 1.0,
    "closed_ub_unseen_ca": 1.0,
    "biasterm": -0.2500999867916107,
    "best_unseen": 0.16024494171142578,
    "best_seen": 0.47815126180648804,
    "AUC": 0.05897315152732396,
    "hm_unseen": 0.12774376571178436,
    "hm_seen": 0.27184873819351196,
    "best_hm": 0.17381197685863753,
    "attr_acc_simple_voting_acc_123": 0.2676414005386687,
    "attr_acc_simple_voting_acc_12": 0.29634474797999233,
    "attr_acc_simple_voting_acc_13": 0.2676414005386687,
    "attr_acc_simple_voting_acc_23": 0.2676414005386687,
    "attr_acc_weighted_voting_acc_123": 0.2676414005386687,
    "attr_acc_weighted_voting_acc_12": 0.29634474797999233,
    "attr_acc_weighted_voting_acc_13": 0.048403232012312426,
    "attr_acc_weighted_voting_acc_23": 0.2676414005386687,
    "attr_acc_uce_ep1": 0.21223080158233643,
    "attr_acc_uce_ep2": 0.36447980999946594,
    "attr_acc_uce_ep3": 0.410532683134079,
    "FDR_expert1": 0.08955169153171265,
    "FDR_expert2": 0.6576988096833601,
    "FDR_expert3": 0.6968370249837008,
    "FOR_expert1": 0.012361152355748093,
    "FOR_expert2": 0.01086571414354699,
    "FOR_expert3": 0.01149636442023946,
    "attr_acc_POE_acc_123": 0.2545594459407464,
    "attr_acc_POE_acc_12": 0.23470565602154675,
    "attr_acc_POE_acc_13": 0.2237783762985764,
    "attr_acc_POE_acc_23": 0.26810311658330127,
    "attr_acc_SOE_acc_123": 0.27895344363216623,
    "attr_acc_SOE_acc_12": 0.25886879569065024,
    "attr_acc_SOE_acc_13": 0.26094651789149675,
    "attr_acc_SOE_acc_23": 0.28426317814544055,
    "attr_acc_table_acc_ep12_LE": 0.29488264717198925,
    "attr_acc_table_acc_ep23_LE": 0.30126971912273953,
    "attr_acc_table_acc_ep13_LE": 0.26687187379761446,
    "attr_acc_tabel_acc_ep123_LE": 0.3008849557522124,
    "attr_acc_table_acc_ep12": 0.29488264717198925,
    "attr_acc_table_acc_ep23": 0.30196229318968837,
    "attr_acc_table_acc_ep13": 0.26687187379761446,
    "attr_acc_tabel_acc_ep123": 0.3015005771450558,
    "MOM_acc": 0.3018083878414775,
    "attr_acc_ep1_cor": 0.2633320507887649,
    "attr_acc_ep2_cor": 0.29634474797999233,
    "attr_acc_ep3_cor": 0.2676414005386687,
    "attr_acc": 0.2600230872631073,
    "obj_acc": 0.522354781627655
  },
  "best_threshold": 0.4
}
