{
  "val": {
    "closed_attr_match": 0.21823416650295258,
    "closed_obj_match": 0.5223608613014221,
    "closed_match": 0.12207293510437012,
    "closed_seen_match": 0.0,
    "closed_unseen_match": 0.14832089841365814,
    "closed_ca": 2.0,
    "closed_seen_ca": 1.0,
    "closed_unseen_ca": 1.0,
    "closed_ub_attr_match": 0.25547024607658386,
    "closed_ub_obj_match": 0.5304222702980042,
    "closed_ub_match": 0.14472168684005737,
    "closed_ub_seen_match": 0.24132321774959564,
    "closed_ub_unseen_match": 0.12395056337118149,
    "closed_ub_ca": 2.0,
    "closed_ub_seen_ca": 1.0,
    "closed_ub_unseen_ca": 1.0,
    "biasterm": 0.015525000169873238,
    "best_unseen": 0.14832089841365814,
    "best_seen": 0.47505423426628113,
    "AUC": 0.054308755845645526,
    "hm_unseen": 0.12465018779039383,
    "hm_seen": 0.23969630897045135,
    "best_hm": 0.16400975550174088,
    "attr_acc_simple_voting_acc_123": 0.06976967370441459,
    "attr_acc_simple_voting_acc_12": 0.30547024952015356,
    "attr_acc_simple_voting_acc_13": 0.06976967370441459,
    "attr_acc_simple_voting_acc_23": 0.06976967370441459,
    "attr_acc_weighted_voting_acc_123": 0.06976967370441459,
    "attr_acc_weighted_voting_acc_12": 0.30547024952015356,
    "attr_acc_weighted_voting_acc_13": 0.07024952015355086,
    "attr_acc_weighted_voting_acc_23": 0.06976967370441459,
    "attr_acc_uce_ep1": 0.19313666224479675,
    "attr_acc_uce_ep2": 0.36683809757232666,
    "attr_acc_uce_ep3": 0.6216845512390137,
    "FDR_expert1": 0.10254184538042578,
    "FDR_expert2": 0.6555085735491263,
    "FDR_expert3": 0.9334987220090413,
    "FOR_expert1": 0.010817669236960805,
    "FOR_expert2": 0.010532090149064472,
    "FOR_expert3": 0.012498836892952505,
    "attr_acc_POE_acc_123": 0.08656429942418425,
    "attr_acc_POE_acc_12": 0.24779270633397313,
    "attr_acc_POE_acc_13": 0.07581573896353166,
    "attr_acc_POE_acc_23": 0.08051823416506718,
    "attr_acc_SOE_acc_123": 0.19318618042226487,
    "attr_acc_SOE_acc_12": 0.27504798464491365,
    "attr_acc_SOE_acc_13": 0.07648752399232246,
    "attr_acc_SOE_acc_23": 0.18781190019193858,
    "attr_acc_table_acc_ep12_LE": 0.304510556621881,
    "attr_acc_table_acc_ep23_LE": 0.3,
    "attr_acc_table_acc_ep13_LE": 0.08272552783109405,
    "attr_acc_tabel_acc_ep123_LE": 0.2995201535508637,
    "attr_acc_table_acc_ep12": 0,
    "attr_acc_table_acc_ep23": 0,
    "attr_acc_table_acc_ep13": 0,
    "attr_acc_tabel_acc_ep123": 0,
    "MOM_acc": 0.29318618042226485,
    "attr_acc_ep1_cor": 0.26976967370441457,
    "attr_acc_ep2_cor": 0.30547024952015356,
    "attr_acc_ep3_cor": 0.23090211132437619,
    "attr_acc": 0.25547024607658386,
    "obj_acc": 0.5304222702980042
  },
  "test": {
    "closed_attr_match": 0.2199307382106781,
    "closed_obj_match": 0.5153520703315735,
    "closed_match": 0.1295883059501648,
    "closed_seen_match": 0.0,
    "closed_unseen_match": 0.1586434245109558,
    "closed_ca": 2.0,
    "closed_seen_ca": 1.0,
    "closed_unseen_ca": 1.0,
    "closed_ub_attr_match": 0.25579068064689636,
    "closed_ub_obj_match": 0.5198153257369995,
    "closed_ub_match": 0.15067332983016968,
    "closed_ub_seen_match": 0.2386554628610611,
    "closed_ub_unseen_match": 0.13094677031040192,
    "closed_ub_ca": 2.0,
    "closed_ub_seen_ca": 1.0,
    "closed_ub_unseen_ca": 1.0,
    "biasterm": -0.2188500016927719,
    "best_unseen": 0.1586434245109558,
    "best_seen": 0.482773095369339,
    "AUC": 0.058619501047998165,
    "hm_unseen": 0.1261422485113144,
    "hm_seen": 0.2630252242088318,
    "best_hm": 0.1705106182949348,
    "attr_acc_simple_voting_acc_123": 0.05856098499422855,
    "attr_acc_simple_voting_acc_12": 0.2973451327433628,
    "attr_acc_simple_voting_acc_13": 0.05856098499422855,
    "attr_acc_simple_voting_acc_23": 0.05856098499422855,
    "attr_acc_weighted_voting_acc_123": 0.05856098499422855,
    "attr_acc_weighted_voting_acc_12": 0.2973451327433628,
    "attr_acc_weighted_voting_acc_13": 0.05132743362831858,
    "attr_acc_weighted_voting_acc_23": 0.05856098499422855,
    "attr_acc_uce_ep1": 0.20453324913978577,
    "attr_acc_uce_ep2": 0.3764607608318329,
    "attr_acc_uce_ep3": 0.6158958673477173,
    "FDR_expert1": 0.08985813737647493,
    "FDR_expert2": 0.65279062023102,
    "FDR_expert3": 0.9545136636932515,
    "FOR_expert1": 0.012310965941458623,
    "FOR_expert2": 0.010795950377931999,
    "FOR_expert3": 0.012886677675335825,
    "attr_acc_POE_acc_123": 0.06794921123509041,
    "attr_acc_POE_acc_12": 0.24655636783378224,
    "attr_acc_POE_acc_13": 0.062023855328972685,
    "attr_acc_POE_acc_23": 0.06517891496729511,
    "attr_acc_SOE_acc_123": 0.183532127741439,
    "attr_acc_SOE_acc_12": 0.2651789149672951,
    "attr_acc_SOE_acc_13": 0.061177375913813004,
    "attr_acc_SOE_acc_23": 0.18499422854944209,
    "attr_acc_table_acc_ep12_LE": 0.2954213158907272,
    "attr_acc_table_acc_ep23_LE": 0.29141977683724507,
    "attr_acc_table_acc_ep13_LE": 0.06040784917275875,
    "attr_acc_tabel_acc_ep123_LE": 0.28964986533282033,
    "attr_acc_table_acc_ep12": 0.2953443632166218,
    "attr_acc_table_acc_ep23": 0.29141977683724507,
    "attr_acc_table_acc_ep13": 0.06040784917275875,
    "attr_acc_tabel_acc_ep123": 0.28964986533282033,
    "MOM_acc": 0.28126202385532895,
    "attr_acc_ep1_cor": 0.2730280877260485,
    "attr_acc_ep2_cor": 0.2973451327433628,
    "attr_acc_ep3_cor": 0.24655636783378224,
    "attr_acc": 0.25579068064689636,
    "obj_acc": 0.5198153257369995
  },
  "best_threshold": 0.4
}
