{
  "val": {
    "closed_attr_match": 0.47510889172554016,
    "closed_obj_match": 0.8288736939430237,
    "closed_match": 0.4181705117225647,
    "closed_seen_match": 0.0,
    "closed_unseen_match": 0.5750962495803833,
    "closed_ca": 2.0,
    "closed_seen_ca": 1.0,
    "closed_unseen_ca": 1.0,
    "closed_ub_attr_match": 0.4122588634490967,
    "closed_ub_obj_match": 0.8291848301887512,
    "closed_ub_match": 0.3214063346385956,
    "closed_ub_seen_match": 0.6499429941177368,
    "closed_ub_unseen_match": 0.1981172412633896,
    "closed_ub_ca": 2.0,
    "closed_ub_seen_ca": 1.0,
    "closed_ub_unseen_ca": 1.0,
    "biasterm": 2.1092751026153564,
    "best_unseen": 0.5750962495803833,
    "best_seen": 0.6727480292320251,
    "AUC": 0.3346341132368107,
    "hm_unseen": 0.4582798480987549,
    "hm_seen": 0.5370581746101379,
    "best_hm": 0.49455146506045283,
    "attr_acc_simple_voting_acc_123": 0.411014312383323,
    "attr_acc_simple_voting_acc_12": 0.4122588674548849,
    "attr_acc_simple_voting_acc_13": 0.411014312383323,
    "attr_acc_simple_voting_acc_23": 0.411014312383323,
    "attr_acc_weighted_voting_acc_123": 0.411014312383323,
    "attr_acc_weighted_voting_acc_12": 0.4122588674548849,
    "attr_acc_weighted_voting_acc_13": 0.4163036714374611,
    "attr_acc_weighted_voting_acc_23": 0.411014312383323,
    "attr_acc_uce_ep1": 0.10692568123340607,
    "attr_acc_uce_ep2": 0.1778806746006012,
    "attr_acc_uce_ep3": 0.17213962972164154,
    "FDR_expert1": 0.7757964617859466,
    "FDR_expert2": 0.469885282484763,
    "FDR_expert3": 0.45675092235627957,
    "FOR_expert1": 0.033932839028649,
    "FOR_expert2": 0.03494299407767209,
    "FOR_expert3": 0.03525423049300574,
    "attr_acc_POE_acc_123": 0.4212818917237088,
    "attr_acc_POE_acc_12": 0.417548226509023,
    "attr_acc_POE_acc_13": 0.417548226509023,
    "attr_acc_POE_acc_23": 0.41288114499066586,
    "attr_acc_SOE_acc_123": 0.41972619788425636,
    "attr_acc_SOE_acc_12": 0.4150591163658992,
    "attr_acc_SOE_acc_13": 0.41599253266957065,
    "attr_acc_SOE_acc_23": 0.41288114499066586,
    "attr_acc_table_acc_ep12_LE": 0.417548226509023,
    "attr_acc_table_acc_ep23_LE": 0.4119477286869944,
    "attr_acc_table_acc_ep13_LE": 0.41008089607965154,
    "attr_acc_tabel_acc_ep123_LE": 0.409769757311761,
    "attr_acc_table_acc_ep12": 0,
    "attr_acc_table_acc_ep23": 0,
    "attr_acc_table_acc_ep13": 0,
    "attr_acc_tabel_acc_ep123": 0,
    "MOM_acc": 0.41257000622277534,
    "attr_acc_ep1_cor": 0.418170504044804,
    "attr_acc_ep2_cor": 0.4122588674548849,
    "attr_acc_ep3_cor": 0.411014312383323,
    "attr_acc": 0.4122588634490967,
    "obj_acc": 0.8291848301887512
  },
  "test": {
    "closed_attr_match": 0.4241592288017273,
    "closed_obj_match": 0.7769389152526855,
    "closed_match": 0.37199726700782776,
    "closed_seen_match": 0.0,
    "closed_unseen_match": 0.573241651058197,
    "closed_ca": 2.0,
    "closed_seen_ca": 1.0,
    "closed_unseen_ca": 1.0,
    "closed_ub_attr_match": 0.49862730503082275,
    "closed_ub_obj_match": 0.7306108474731445,
    "closed_ub_match": 0.3407686948776245,
    "closed_ub_seen_match": 0.638318657875061,
    "closed_ub_unseen_match": 0.17979905009269714,
    "closed_ub_ca": 2.0,
    "closed_ub_seen_ca": 1.0,
    "closed_ub_unseen_ca": 1.0,
    "biasterm": 1.515524983406067,
    "best_unseen": 0.573241651058197,
    "best_seen": 0.6441837549209595,
    "AUC": 0.28133753363535036,
    "hm_unseen": 0.37123215198516846,
    "hm_seen": 0.5219941139221191,
    "best_hm": 0.4338900581658734,
    "attr_acc_simple_voting_acc_123": 0.4869595058339053,
    "attr_acc_simple_voting_acc_12": 0.498627316403569,
    "attr_acc_simple_voting_acc_13": 0.4869595058339053,
    "attr_acc_simple_voting_acc_23": 0.4869595058339053,
    "attr_acc_weighted_voting_acc_123": 0.4869595058339053,
    "attr_acc_weighted_voting_acc_12": 0.498627316403569,
    "attr_acc_weighted_voting_acc_13": 0.5216197666437886,
    "attr_acc_weighted_voting_acc_23": 0.4869595058339053,
    "attr_acc_uce_ep1": 0.03615536913275719,
    "attr_acc_uce_ep2": 0.11586683988571167,
    "attr_acc_uce_ep3": 0.10940810292959213,
    "FDR_expert1": 0.4173734865358946,
    "FDR_expert2": 0.46124496707885415,
    "FDR_expert3": 0.463133655141563,
    "FOR_expert1": 0.07589547858423294,
    "FOR_expert2": 0.07649872537391628,
    "FOR_expert3": 0.07942529766967998,
    "attr_acc_POE_acc_123": 0.511324639670556,
    "attr_acc_POE_acc_12": 0.5133836650652025,
    "attr_acc_POE_acc_13": 0.5082361015785861,
    "attr_acc_POE_acc_23": 0.49656829100892247,
    "attr_acc_SOE_acc_123": 0.511324639670556,
    "attr_acc_SOE_acc_12": 0.5157858613589568,
    "attr_acc_SOE_acc_13": 0.5099519560741249,
    "attr_acc_SOE_acc_23": 0.4938229238160604,
    "attr_acc_table_acc_ep12_LE": 0.5250514756348662,
    "attr_acc_table_acc_ep23_LE": 0.4883321894303363,
    "attr_acc_table_acc_ep13_LE": 0.5226492793411118,
    "attr_acc_tabel_acc_ep123_LE": 0.5226492793411118,
    "attr_acc_table_acc_ep12": 0.5240219629375429,
    "attr_acc_table_acc_ep23": 0.4883321894303363,
    "attr_acc_table_acc_ep13": 0.5123541523678792,
    "attr_acc_tabel_acc_ep123": 0.5126973232669869,
    "MOM_acc": 0.5185312285518188,
    "attr_acc_ep1_cor": 0.5013726835964311,
    "attr_acc_ep2_cor": 0.498627316403569,
    "attr_acc_ep3_cor": 0.4869595058339053,
    "attr_acc": 0.49862730503082275,
    "obj_acc": 0.7306108474731445
  },
  "best_threshold": 0.4
}
